{"cameraMode":{"drawMode":0,"name":"Shaded","section":"Shading Mode"},"sceneLighting":true,"audioPlay":false,"sceneViewState":{"showFog":true,"showMaterialUpdate":true,"showSkybox":true,"showFlares":true,"showImageEffects":true,"showParticleSystems":true},"in2DMode":false,"pivot":{"x":583.94580078125,"y":8.919572830200196,"z":-938.1060180664063},"rotation":{"x":0.04954119771718979,"y":-0.9401838183403015,"z":0.2989217936992645,"w":0.15625980496406556},"size":4.4927239418029789,"orthographic":false}