{"cameraMode":{"drawMode":0,"name":"Shaded","section":"Shading Mode"},"sceneLighting":false,"audioPlay":false,"sceneViewState":{"showFog":true,"showMaterialUpdate":true,"showSkybox":false,"showFlares":true,"showImageEffects":true,"showParticleSystems":true},"in2DMode":false,"pivot":{"x":0.0,"y":-0.0000057220458984375,"z":9.5367431640625e-7},"rotation":{"x":0.07063683122396469,"y":-0.9293175339698792,"z":0.25754281878471377,"w":0.25538596510887148},"size":7.343400955200195,"orthographic":false}