{"cameraMode":{"drawMode":0,"name":"Shaded","section":"Shading Mode"},"sceneLighting":false,"audioPlay":false,"sceneViewState":{"showFog":true,"showMaterialUpdate":true,"showSkybox":false,"showFlares":true,"showImageEffects":true,"showParticleSystems":true},"in2DMode":false,"pivot":{"x":0.0,"y":-0.000013828277587890625,"z":0.000002384185791015625},"rotation":{"x":0.04954119771718979,"y":-0.9401838183403015,"z":0.2989217936992645,"w":0.15625980496406556},"size":7.890249729156494,"orthographic":false}