{"cameraMode":{"drawMode":0,"name":"Shaded","section":"Shading Mode"},"sceneLighting":false,"audioPlay":false,"sceneViewState":{"showFog":true,"showMaterialUpdate":true,"showSkybox":false,"showFlares":true,"showImageEffects":true,"showParticleSystems":true},"in2DMode":false,"pivot":{"x":-1.3951797485351563,"y":3.4897546768188478,"z":-3.4533705711364748},"rotation":{"x":0.018393877893686296,"y":-0.6535442471504211,"z":0.01589084416627884,"w":0.7565112709999085},"size":9.197709083557129,"orthographic":false}