{"cameraMode":{"drawMode":0,"name":"Shaded","section":"Shading Mode"},"sceneLighting":true,"audioPlay":false,"sceneViewState":{"showFog":true,"showMaterialUpdate":true,"showSkybox":true,"showFlares":true,"showImageEffects":true,"showParticleSystems":true},"in2DMode":false,"pivot":{"x":-25.877079010009767,"y":6.404524803161621,"z":97.7408676147461},"rotation":{"x":0.1428368091583252,"y":-0.25808754563331606,"z":0.03860495239496231,"w":0.9547702074050903},"size":35.277076721191409,"orthographic":false}