{"cameraMode":{"drawMode":0,"name":"Shaded","section":"Shading Mode"},"sceneLighting":false,"audioPlay":false,"sceneViewState":{"showFog":true,"showMaterialUpdate":true,"showSkybox":false,"showFlares":true,"showImageEffects":true,"showParticleSystems":true},"in2DMode":false,"pivot":{"x":50.0236701965332,"y":56.12571716308594,"z":-61.8765869140625},"rotation":{"x":-0.2667931616306305,"y":0.363548219203949,"z":-0.10941755771636963,"w":-0.8858658075332642},"size":1.3460835218429566,"orthographic":true}