{"cameraMode":{"drawMode":0,"name":"Shaded","section":"Shading Mode"},"sceneLighting":true,"audioPlay":false,"sceneViewState":{"showFog":true,"showMaterialUpdate":false,"showSkybox":true,"showFlares":true,"showImageEffects":true,"showParticleSystems":true},"in2DMode":false,"pivot":{"x":0.8338932394981384,"y":4.189746856689453,"z":-6.955470085144043},"rotation":{"x":0.2016279399394989,"y":-0.1506495624780655,"z":0.03139915689826012,"w":0.9673038721084595},"size":2.284881591796875,"orthographic":false}